"","date","pos.tests","conc","new.cases","test","cov.tests","hospt_admit","prop.pos","target"
"1",2020-03-02,NA,NA,NA,NA,1,NA,NA,"N1"
"2",2020-03-08,NA,NA,NA,NA,2,NA,NA,"N1"
"3",2020-03-09,NA,NA,NA,NA,1,NA,NA,"N1"
"4",2020-03-10,NA,NA,NA,NA,2,NA,NA,"N1"
"5",2020-03-11,NA,NA,NA,NA,4,NA,NA,"N1"
"6",2020-03-12,NA,NA,NA,NA,5,NA,NA,"N1"
"7",2020-03-13,2,NA,NA,NA,12,NA,0.166666666666667,"N1"
"8",2020-03-14,2,NA,NA,NA,2,NA,1,"N1"
"9",2020-03-16,5,NA,NA,NA,13,NA,0.384615384615385,"N1"
"10",2020-03-17,5,NA,NA,NA,33,NA,0.151515151515152,"N1"
"11",2020-03-18,6,NA,NA,NA,34,NA,0.176470588235294,"N1"
"12",2020-03-19,10,2346.55063402866,1,"R1, N2",48,7,0.208333333333333,"N2"
"13",2020-03-19,10,13814.0733780807,1,"R2, N1",48,7,0.208333333333333,"N1"
"14",2020-03-19,10,10107.9101421611,1,"R1, N1",48,7,0.208333333333333,"N1"
"15",2020-03-19,10,4933.5160848355,1,"R2, N2",48,7,0.208333333333333,"N2"
"16",2020-03-20,5,8450.58550660151,2,"R2, N1",34,10,0.147058823529412,"N1"
"17",2020-03-20,5,10173.1962288526,2,"R1, N1",34,10,0.147058823529412,"N1"
"18",2020-03-20,5,1945.67636638025,2,"R1, N2",34,10,0.147058823529412,"N2"
"19",2020-03-20,5,11586.5741232681,2,"R2, N2",34,10,0.147058823529412,"N2"
"20",2020-03-21,11,6226.08972186738,1,"R1, N2",23,3,0.478260869565217,"N2"
"21",2020-03-21,11,50940.9555885429,1,"R2, N1",23,3,0.478260869565217,"N1"
"22",2020-03-21,11,30060.2540957634,1,"R1, N1",23,3,0.478260869565217,"N1"
"23",2020-03-21,11,10082.2982232887,1,"R2, N2",23,3,0.478260869565217,"N2"
"24",2020-03-22,10,NA,4,"R2, N1",49,9,0.204081632653061,"N1"
"25",2020-03-22,10,4762.610000954,4,"R2, N2",49,9,0.204081632653061,"N2"
"26",2020-03-22,10,1705.81323864537,4,"R1, N1",49,9,0.204081632653061,"N1"
"27",2020-03-22,10,2705.67617903328,4,"R1, N2",49,9,0.204081632653061,"N2"
"28",2020-03-23,24,18854.9134033897,5,"R2, N2",131,9,0.183206106870229,"N2"
"29",2020-03-23,24,72503.0724467142,5,"R1, N1",131,9,0.183206106870229,"N1"
"30",2020-03-23,24,43309.9533615597,5,"R1, N2",131,9,0.183206106870229,"N2"
"31",2020-03-23,24,56029.1808128745,5,"R2, N1",131,9,0.183206106870229,"N1"
"32",2020-03-24,40,35902.5368056739,13,"R1, N2",177,12,0.225988700564972,"N2"
"33",2020-03-24,40,29467.9283567857,13,"R2, N1",177,12,0.225988700564972,"N1"
"34",2020-03-24,40,18703.2798465123,13,"R2, N2",177,12,0.225988700564972,"N2"
"35",2020-03-24,40,44893.8890225098,13,"R1, N1",177,12,0.225988700564972,"N1"
"36",2020-03-25,32,40744.1579755203,11,"R2, N1",150,8,0.213333333333333,"N1"
"37",2020-03-25,32,42846.4329202982,11,"R2, N2",150,8,0.213333333333333,"N2"
"38",2020-03-25,32,81119.1007006645,11,"R1, N1",150,8,0.213333333333333,"N1"
"39",2020-03-25,32,131849.998647207,11,"R1, N2",150,8,0.213333333333333,"N2"
"40",2020-03-26,35,74826.1010435423,4,"R1, N1",146,10,0.23972602739726,"N1"
"41",2020-03-26,35,69511.0043929058,4,"R2, N2",146,10,0.23972602739726,"N2"
"42",2020-03-26,35,34184.1384616795,4,"R1, N2",146,10,0.23972602739726,"N2"
"43",2020-03-26,35,115412.828519591,4,"R2, N1",146,10,0.23972602739726,"N1"
"44",2020-03-27,55,94063.5392204016,26,"R1, N1",187,18,0.294117647058824,"N1"
"45",2020-03-27,55,134590.722737934,26,"R2, N1",187,18,0.294117647058824,"N1"
"46",2020-03-27,55,40852.5261744157,26,"R2, N2",187,18,0.294117647058824,"N2"
"47",2020-03-27,55,47634.8585514497,26,"R1, N2",187,18,0.294117647058824,"N2"
"48",2020-03-28,45,89943.6762284549,1,"R1, N1",124,14,0.362903225806452,"N1"
"49",2020-03-28,45,31389.7321133856,1,"R2, N2",124,14,0.362903225806452,"N2"
"50",2020-03-28,45,40147.1299077497,1,"R1, N2",124,14,0.362903225806452,"N2"
"51",2020-03-28,45,120232.895169341,1,"R2, N1",124,14,0.362903225806452,"N1"
"52",2020-03-29,32,57711.7324853329,6,"R1, N2",57,15,0.56140350877193,"N2"
"53",2020-03-29,32,113108.638468854,6,"R2, N1",57,15,0.56140350877193,"N1"
"54",2020-03-29,32,134136.188165034,6,"R1, N1",57,15,0.56140350877193,"N1"
"55",2020-03-29,32,45202.3009477499,6,"R2, N2",57,15,0.56140350877193,"N2"
"56",2020-03-30,63,163117.124779544,32,"R2, N1",121,24,0.520661157024793,"N1"
"57",2020-03-30,63,80633.5140938066,32,"R1, N1",121,24,0.520661157024793,"N1"
"58",2020-03-30,63,74808.8588802283,32,"R1, N2",121,24,0.520661157024793,"N2"
"59",2020-03-30,63,51168.2534512754,32,"R2, N2",121,24,0.520661157024793,"N2"
"60",2020-03-31,65,71115.1356872538,75,"R1, N2",148,17,0.439189189189189,"N2"
"61",2020-03-31,65,152345.563515013,75,"R2, N1",148,17,0.439189189189189,"N1"
"62",2020-03-31,65,124461.714322861,75,"R1, N1",148,17,0.439189189189189,"N1"
"63",2020-03-31,65,82605.1615974946,75,"R2, N2",148,17,0.439189189189189,"N2"
"64",2020-04-01,102,75291.5916505833,26,"R2, N1",189,13,0.53968253968254,"N1"
"65",2020-04-01,102,43549.5654822118,26,"R2, N2",189,13,0.53968253968254,"N2"
"66",2020-04-01,102,49855.1230981247,26,"R1, N1",189,13,0.53968253968254,"N1"
"67",2020-04-01,102,30932.9637255439,26,"R1, N2",189,13,0.53968253968254,"N2"
"68",2020-04-02,75,72193.9750373733,0,"R2, N2",136,26,0.551470588235294,"N2"
"69",2020-04-02,75,149050.365738484,0,"R1, N1",136,26,0.551470588235294,"N1"
"70",2020-04-02,75,76144.0567424998,0,"R1, N2",136,26,0.551470588235294,"N2"
"71",2020-04-02,75,143366.943115621,0,"R2, N1",136,26,0.551470588235294,"N1"
"72",2020-04-03,82,29113.1814662604,61,"R1, N2",176,21,0.465909090909091,"N2"
"73",2020-04-03,82,120045.03079018,61,"R2, N1",176,21,0.465909090909091,"N1"
"74",2020-04-03,82,60070.7933545807,61,"R2, N2",176,21,0.465909090909091,"N2"
"75",2020-04-03,82,71781.4657872704,61,"R1, N1",176,21,0.465909090909091,"N1"
"76",2020-04-04,77,165414.391040794,28,"R2, N1",126,14,0.611111111111111,"N1"
"77",2020-04-04,77,62752.4826672693,28,"R2, N2",126,14,0.611111111111111,"N2"
"78",2020-04-04,77,245393.940728005,28,"R1, N1",126,14,0.611111111111111,"N1"
"79",2020-04-04,77,90396.8541797475,28,"R1, N2",126,14,0.611111111111111,"N2"
"80",2020-04-05,44,90425.1802425312,63,"R1, N1",116,17,0.379310344827586,"N1"
"81",2020-04-05,44,93889.1959923315,63,"R2, N2",116,17,0.379310344827586,"N2"
"82",2020-04-05,44,48191.9898048073,63,"R1, N2",116,17,0.379310344827586,"N2"
"83",2020-04-05,44,224191.299314677,63,"R2, N1",116,17,0.379310344827586,"N1"
"84",2020-04-06,111,199204.194796946,127,"R1, N1",221,15,0.502262443438914,"N1"
"85",2020-04-06,111,182806.378840231,127,"R2, N1",221,15,0.502262443438914,"N1"
"86",2020-04-06,111,137574.439661625,127,"R2, N2",221,15,0.502262443438914,"N2"
"87",2020-04-06,111,166492.598427782,127,"R1, N2",221,15,0.502262443438914,"N2"
"88",2020-04-07,75,150889.567864193,68,"R1, N1",155,22,0.483870967741935,"N1"
"89",2020-04-07,75,64497.5588767514,68,"R2, N2",155,22,0.483870967741935,"N2"
"90",2020-04-07,75,93915.2547686381,68,"R1, N2",155,22,0.483870967741935,"N2"
"91",2020-04-07,75,123187.284468872,68,"R2, N1",155,22,0.483870967741935,"N1"
"92",2020-04-08,106,80080.9247872092,97,"R1, N2",207,22,0.51207729468599,"N2"
"93",2020-04-08,106,183482.689323385,97,"R2, N1",207,22,0.51207729468599,"N1"
"94",2020-04-08,106,142586.913508548,97,"R1, N1",207,22,0.51207729468599,"N1"
"95",2020-04-08,106,98291.5143281753,97,"R2, N2",207,22,0.51207729468599,"N2"
"96",2020-04-09,97,172201.352680053,78,"R2, N1",158,23,0.613924050632911,"N1"
"97",2020-04-09,97,146363.869997226,78,"R1, N1",158,23,0.613924050632911,"N1"
"98",2020-04-09,97,97007.9708660824,78,"R1, N2",158,23,0.613924050632911,"N2"
"99",2020-04-09,97,70446.7627260297,78,"R2, N2",158,23,0.613924050632911,"N2"
"100",2020-04-10,82,155469.903289033,42,"R1, N2",164,23,0.5,"N2"
"101",2020-04-10,82,437436.10229784,42,"R2, N1",164,23,0.5,"N1"
"102",2020-04-10,82,319620.929540822,42,"R1, N1",164,23,0.5,"N1"
"103",2020-04-10,82,245374.552956385,42,"R2, N2",164,23,0.5,"N2"
"104",2020-04-11,63,163098.380124911,124,"R2, N1",116,25,0.543103448275862,"N1"
"105",2020-04-11,63,72376.0331002749,124,"R2, N2",116,25,0.543103448275862,"N2"
"106",2020-04-11,63,197578.323040174,124,"R1, N1",116,25,0.543103448275862,"N1"
"107",2020-04-11,63,44045.7239099219,124,"R1, N2",116,25,0.543103448275862,"N2"
"108",2020-04-12,35,259051.75042714,102,"R2, N2",101,12,0.346534653465347,"N2"
"109",2020-04-12,35,392298.909109569,102,"R1, N1",101,12,0.346534653465347,"N1"
"110",2020-04-12,35,273419.614736787,102,"R1, N2",101,12,0.346534653465347,"N2"
"111",2020-04-12,35,463426.581303082,102,"R2, N1",101,12,0.346534653465347,"N1"
"112",2020-04-13,44,112142.45726302,139,"R1, N2",105,29,0.419047619047619,"N2"
"113",2020-04-13,44,207726.339593404,139,"R2, N1",105,29,0.419047619047619,"N1"
"114",2020-04-13,44,229794.213978417,139,"R2, N2",105,29,0.419047619047619,"N2"
"115",2020-04-13,44,179285.346096964,139,"R1, N1",105,29,0.419047619047619,"N1"
"116",2020-04-14,122,201524.884629005,48,"R2, N1",327,27,0.373088685015291,"N1"
"117",2020-04-14,122,108505.117548536,48,"R2, N2",327,27,0.373088685015291,"N2"
"118",2020-04-14,122,144238.148415218,48,"R1, N1",327,27,0.373088685015291,"N1"
"119",2020-04-14,122,72837.9787797302,48,"R1, N2",327,27,0.373088685015291,"N2"
"120",2020-04-15,95,236359.4435484,94,"R1, N1",276,20,0.344202898550725,"N1"
"121",2020-04-15,95,146460.001372747,94,"R2, N2",276,20,0.344202898550725,"N2"
"122",2020-04-15,95,282792.440836295,94,"R1, N2",276,20,0.344202898550725,"N2"
"123",2020-04-15,95,165856.54109598,94,"R2, N1",276,20,0.344202898550725,"N1"
"124",2020-04-16,90,307122.443478524,144,"R1, N1",263,26,0.342205323193916,"N1"
"125",2020-04-16,90,202026.051051958,144,"R2, N1",263,26,0.342205323193916,"N1"
"126",2020-04-16,90,166125.829897466,144,"R2, N2",263,26,0.342205323193916,"N2"
"127",2020-04-16,90,105988.793329946,144,"R1, N2",263,26,0.342205323193916,"N2"
"128",2020-04-17,106,128232.194556125,115,"R1, N1",366,26,0.289617486338798,"N1"
"129",2020-04-17,106,23539.564499178,115,"R2, N2",366,26,0.289617486338798,"N2"
"130",2020-04-17,106,71828.2201253248,115,"R1, N2",366,26,0.289617486338798,"N2"
"131",2020-04-17,106,91751.4895501711,115,"R2, N1",366,26,0.289617486338798,"N1"
"132",2020-04-18,56,NA,113,"R1, N2",253,20,0.221343873517787,"N2"
"133",2020-04-18,56,87187.0404006138,113,"R2, N1",253,20,0.221343873517787,"N1"
"134",2020-04-18,56,70996.8737216516,113,"R1, N1",253,20,0.221343873517787,"N1"
"135",2020-04-18,56,30375.6226358808,113,"R2, N2",253,20,0.221343873517787,"N2"
"136",2020-04-19,29,97237.9011064762,56,"R2, N1",157,5,0.184713375796178,"N1"
"137",2020-04-19,29,77688.8653278191,56,"R1, N1",157,5,0.184713375796178,"N1"
"138",2020-04-19,29,68954.2224210445,56,"R1, N2",157,5,0.184713375796178,"N2"
"139",2020-04-19,29,125579.213098098,56,"R2, N2",157,5,0.184713375796178,"N2"
"140",2020-04-20,102,47781.0832150252,150,"R1, N2",358,12,0.284916201117318,"N2"
"141",2020-04-20,102,93011.0212683106,150,"R2, N1",358,12,0.284916201117318,"N1"
"142",2020-04-20,102,100131.292099341,150,"R1, N1",358,12,0.284916201117318,"N1"
"143",2020-04-20,102,91612.1693237998,150,"R2, N2",358,12,0.284916201117318,"N2"
"144",2020-04-21,63,165406.142380152,75,"R2, N1",195,13,0.323076923076923,"N1"
"145",2020-04-21,63,133222.580082319,75,"R2, N2",195,13,0.323076923076923,"N2"
"146",2020-04-21,63,124473.497898014,75,"R1, N1",195,13,0.323076923076923,"N1"
"147",2020-04-21,63,40238.9815866855,75,"R1, N2",195,13,0.323076923076923,"N2"
"148",2020-04-22,81,20995.5013194475,115,"R2, N2",341,19,0.237536656891496,"N2"
"149",2020-04-22,81,88289.5640384022,115,"R1, N1",341,19,0.237536656891496,"N1"
"150",2020-04-22,81,23572.7652604202,115,"R1, N2",341,19,0.237536656891496,"N2"
"151",2020-04-22,81,54240.8345751313,115,"R2, N1",341,19,0.237536656891496,"N1"
"152",2020-04-23,86,60415.1319125019,87,"R1, N2",371,23,0.231805929919137,"N2"
"153",2020-04-23,86,70647.441871215,87,"R2, N1",371,23,0.231805929919137,"N1"
"154",2020-04-23,86,42096.2755453015,87,"R2, N2",371,23,0.231805929919137,"N2"
"155",2020-04-23,86,58331.7982325329,87,"R1, N1",371,23,0.231805929919137,"N1"
"156",2020-04-24,76,30641.4324594035,47,"R2, N1",337,12,0.225519287833828,"N1"
"157",2020-04-24,76,29434.845098078,47,"R2, N2",337,12,0.225519287833828,"N2"
"158",2020-04-24,76,64485.7428223057,47,"R1, N1",337,12,0.225519287833828,"N1"
"159",2020-04-24,76,59311.508156022,47,"R1, N2",337,12,0.225519287833828,"N2"
"160",2020-04-25,70,106976.168435288,79,"R1, N1",257,17,0.272373540856031,"N1"
"161",2020-04-25,70,71543.7881600253,79,"R2, N2",257,17,0.272373540856031,"N2"
"162",2020-04-25,70,66319.8030292593,79,"R1, N2",257,17,0.272373540856031,"N2"
"163",2020-04-25,70,90531.7649856882,79,"R2, N1",257,17,0.272373540856031,"N1"
"164",2020-04-26,31,99918.1770963005,59,"R1, N1",147,13,0.210884353741497,"N1"
"165",2020-04-26,31,99485.7389755714,59,"R2, N1",147,13,0.210884353741497,"N1"
"166",2020-04-26,31,51674.297256857,59,"R2, N2",147,13,0.210884353741497,"N2"
"167",2020-04-26,31,41333.0846886997,59,"R1, N2",147,13,0.210884353741497,"N2"
"168",2020-04-27,84,66241.8399416471,80,"R1, N1",400,16,0.21,"N1"
"169",2020-04-27,84,101740.424731461,80,"R2, N2",400,16,0.21,"N2"
"170",2020-04-27,84,46561.5208170323,80,"R1, N2",400,16,0.21,"N2"
"171",2020-04-27,84,99769.8084410473,80,"R2, N1",400,16,0.21,"N1"
"172",2020-04-28,70,NA,49,"R1, N2",257,19,0.272373540856031,"N2"
"173",2020-04-28,70,34984.0788013837,49,"R2, N1",257,19,0.272373540856031,"N1"
"174",2020-04-28,70,NA,49,"R1, N1",257,19,0.272373540856031,"N1"
"175",2020-04-28,70,23863.1971079895,49,"R2, N2",257,19,0.272373540856031,"N2"
"176",2020-04-29,85,48702.3150573608,37,"R2, N1",380,11,0.223684210526316,"N1"
"177",2020-04-29,85,70535.6369538792,37,"R1, N1",380,11,0.223684210526316,"N1"
"178",2020-04-29,85,60365.5389494166,37,"R1, N2",380,11,0.223684210526316,"N2"
"179",2020-04-29,85,42541.1624910235,37,"R2, N2",380,11,0.223684210526316,"N2"
"180",2020-04-30,46,59363.7322533364,89,"R1, N2",177,20,0.259887005649718,"N2"
"181",2020-04-30,46,69295.332665056,89,"R2, N1",177,20,0.259887005649718,"N1"
"182",2020-04-30,46,129206.09303513,89,"R1, N1",177,20,0.259887005649718,"N1"
"183",2020-04-30,46,56704.8579742411,89,"R2, N2",177,20,0.259887005649718,"N2"
"184",2020-05-01,66,51827.281334233,134,"R2, N1",251,19,0.262948207171315,"N1"
"185",2020-05-01,66,88563.4823160169,134,"R2, N2",251,19,0.262948207171315,"N2"
"186",2020-05-01,66,94664.9880500481,134,"R1, N1",251,19,0.262948207171315,"N1"
"187",2020-05-01,66,95396.8974476558,134,"R1, N2",251,19,0.262948207171315,"N2"
"188",2020-05-02,65,85798.8464555884,31,"R2, N2",312,10,0.208333333333333,"N2"
"189",2020-05-02,65,30750.6583769726,31,"R1, N1",312,10,0.208333333333333,"N1"
"190",2020-05-02,65,98832.5899451508,31,"R1, N2",312,10,0.208333333333333,"N2"
"191",2020-05-02,65,66996.8752190454,31,"R2, N1",312,10,0.208333333333333,"N1"
"192",2020-05-03,40,NA,32,"R1, N2",187,22,0.213903743315508,"N2"
"193",2020-05-03,40,NA,32,"R2, N1",187,22,0.213903743315508,"N1"
"194",2020-05-03,40,NA,32,"R2, N2",187,22,0.213903743315508,"N2"
"195",2020-05-03,40,NA,32,"R1, N1",187,22,0.213903743315508,"N1"
"196",2020-05-04,79,224960.338287775,63,"R2, N1",274,12,0.288321167883212,"N1"
"197",2020-05-04,79,142349.664715809,63,"R2, N2",274,12,0.288321167883212,"N2"
"198",2020-05-04,79,88127.7169873427,63,"R1, N1",274,12,0.288321167883212,"N1"
"199",2020-05-04,79,53695.7103598761,63,"R1, N2",274,12,0.288321167883212,"N2"
"200",2020-05-05,75,99869.0110735314,31,"R1, N1",356,23,0.210674157303371,"N1"
"201",2020-05-05,75,88418.1831243653,31,"R2, N2",356,23,0.210674157303371,"N2"
"202",2020-05-05,75,75605.4521196238,31,"R1, N2",356,23,0.210674157303371,"N2"
"203",2020-05-05,75,105039.938615454,31,"R2, N1",356,23,0.210674157303371,"N1"
"204",2020-05-06,72,NA,133,"R1, N1",396,17,0.181818181818182,"N1"
"205",2020-05-06,72,NA,133,"R2, N1",396,17,0.181818181818182,"N1"
"206",2020-05-06,72,NA,133,"R2, N2",396,17,0.181818181818182,"N2"
"207",2020-05-06,72,NA,133,"R1, N2",396,17,0.181818181818182,"N2"
"208",2020-05-07,47,22239.1166290447,79,"R1, N1",309,13,0.15210355987055,"N1"
"209",2020-05-07,47,16106.6472365855,79,"R2, N2",309,13,0.15210355987055,"N2"
"210",2020-05-07,47,23561.3015338692,79,"R1, N2",309,13,0.15210355987055,"N2"
"211",2020-05-07,47,19543.990110846,79,"R2, N1",309,13,0.15210355987055,"N1"
"212",2020-05-08,53,17776.9097608443,80,"R1, N2",413,11,0.128329297820823,"N2"
"213",2020-05-08,53,31072.4873210497,80,"R2, N1",413,11,0.128329297820823,"N1"
"214",2020-05-08,53,18931.2722724184,80,"R1, N1",413,11,0.128329297820823,"N1"
"215",2020-05-08,53,15156.4646016257,80,"R2, N2",413,11,0.128329297820823,"N2"
"216",2020-05-09,27,70013.6877700794,37,"R2, N1",224,4,0.120535714285714,"N1"
"217",2020-05-09,27,64152.7270777715,37,"R1, N1",224,4,0.120535714285714,"N1"
"218",2020-05-09,27,46281.0887603304,37,"R1, N2",224,4,0.120535714285714,"N2"
"219",2020-05-09,27,29186.2278005062,37,"R2, N2",224,4,0.120535714285714,"N2"
"220",2020-05-10,22,15184.8886840504,10,"R1, N2",128,16,0.171875,"N2"
"221",2020-05-10,22,47540.3947574246,10,"R2, N1",128,16,0.171875,"N1"
"222",2020-05-10,22,47139.3185804395,10,"R1, N1",128,16,0.171875,"N1"
"223",2020-05-10,22,33211.777021309,10,"R2, N2",128,16,0.171875,"N2"
"224",2020-05-11,65,44643.719745008,69,"R2, N1",396,11,0.164141414141414,"N1"
"225",2020-05-11,65,44172.1473518503,69,"R2, N2",396,11,0.164141414141414,"N2"
"226",2020-05-11,65,66898.2646322459,69,"R1, N1",396,11,0.164141414141414,"N1"
"227",2020-05-11,65,29258.8115313715,69,"R1, N2",396,11,0.164141414141414,"N2"
"228",2020-05-12,41,40679.155480338,45,"R2, N2",457,14,0.0897155361050328,"N2"
"229",2020-05-12,41,55345.7448933417,45,"R1, N1",457,14,0.0897155361050328,"N1"
"230",2020-05-12,41,46824.8858047754,45,"R1, N2",457,14,0.0897155361050328,"N2"
"231",2020-05-12,41,55515.944333179,45,"R2, N1",457,14,0.0897155361050328,"N1"
"232",2020-05-13,47,32466.5790597958,46,"R1, N2",387,6,0.121447028423773,"N2"
"233",2020-05-13,47,56031.6051258249,46,"R2, N1",387,6,0.121447028423773,"N1"
"234",2020-05-13,47,22265.5550898438,46,"R2, N2",387,6,0.121447028423773,"N2"
"235",2020-05-13,47,38574.198888252,46,"R1, N1",387,6,0.121447028423773,"N1"
"236",2020-05-14,83,21492.7309898852,52,"R2, N1",563,16,0.147424511545293,"N1"
"237",2020-05-14,83,NA,52,"R2, N2",563,16,0.147424511545293,"N2"
"238",2020-05-14,83,44542.1559066432,52,"R1, N1",563,16,0.147424511545293,"N1"
"239",2020-05-14,83,23394.75856695,52,"R1, N2",563,16,0.147424511545293,"N2"
"240",2020-05-15,44,56701.9719589016,61,"R1, N1",452,13,0.0973451327433628,"N1"
"241",2020-05-15,44,36428.3774595239,61,"R2, N2",452,13,0.0973451327433628,"N2"
"242",2020-05-15,44,53102.9314778788,61,"R1, N2",452,13,0.0973451327433628,"N2"
"243",2020-05-15,44,72273.2706535749,61,"R2, N1",452,13,0.0973451327433628,"N1"
"244",2020-05-16,18,53271.7545340806,31,"R1, N1",252,8,0.0714285714285714,"N1"
"245",2020-05-16,18,31311.3744226663,31,"R2, N1",252,8,0.0714285714285714,"N1"
"246",2020-05-16,18,14595.9028395323,31,"R2, N2",252,8,0.0714285714285714,"N2"
"247",2020-05-16,18,32235.9371775403,31,"R1, N2",252,8,0.0714285714285714,"N2"
"248",2020-05-17,17,13755.9693970805,55,"R1, N1",173,11,0.0982658959537572,"N1"
"249",2020-05-17,17,45940.2800862413,55,"R2, N2",173,11,0.0982658959537572,"N2"
"250",2020-05-17,17,28191.8519816445,55,"R1, N2",173,11,0.0982658959537572,"N2"
"251",2020-05-17,17,59708.6259067209,55,"R2, N1",173,11,0.0982658959537572,"N1"
"252",2020-05-18,47,23594.9840759347,33,"R1, N2",499,13,0.094188376753507,"N2"
"253",2020-05-18,47,11648.6445697847,33,"R2, N1",499,13,0.094188376753507,"N1"
"254",2020-05-18,47,50715.8492451209,33,"R1, N1",499,13,0.094188376753507,"N1"
"255",2020-05-18,47,9444.64411789494,33,"R2, N2",499,13,0.094188376753507,"N2"
"256",2020-05-19,27,15077.974708605,41,"R2, N1",383,14,0.0704960835509138,"N1"
"257",2020-05-19,27,34462.9226200107,41,"R1, N1",383,14,0.0704960835509138,"N1"
"258",2020-05-19,27,33451.2938991608,41,"R1, N2",383,14,0.0704960835509138,"N2"
"259",2020-05-19,27,19579.8570907503,41,"R2, N2",383,14,0.0704960835509138,"N2"
"260",2020-05-20,19,37525.8551757798,32,"R1, N2",402,4,0.0472636815920398,"N2"
"261",2020-05-20,19,13796.4727872035,32,"R2, N1",402,4,0.0472636815920398,"N1"
"262",2020-05-20,19,22887.9376678556,32,"R1, N1",402,4,0.0472636815920398,"N1"
"263",2020-05-20,19,10045.5124149559,32,"R2, N2",402,4,0.0472636815920398,"N2"
"264",2020-05-21,16,NA,31,"R2, N1",459,4,0.0348583877995643,"N1"
"265",2020-05-21,16,16997.799952764,31,"R2, N2",459,4,0.0348583877995643,"N2"
"266",2020-05-21,16,11522.6635247296,31,"R1, N1",459,4,0.0348583877995643,"N1"
"267",2020-05-21,16,11870.6106116049,31,"R1, N2",459,4,0.0348583877995643,"N2"
"268",2020-05-22,31,NA,23,"R2, N2",457,8,0.0678336980306346,"N2"
"269",2020-05-22,31,30098.8602751617,23,"R1, N1",457,8,0.0678336980306346,"N1"
"270",2020-05-22,31,11295.5638333029,23,"R1, N2",457,8,0.0678336980306346,"N2"
"271",2020-05-22,31,46942.945025145,23,"R2, N1",457,8,0.0678336980306346,"N1"
"272",2020-05-23,15,9097.67449295759,19,"R1, N2",215,11,0.0697674418604651,"N2"
"273",2020-05-23,15,36432.9865914539,19,"R2, N1",215,11,0.0697674418604651,"N1"
"274",2020-05-23,15,16262.3533851146,19,"R2, N2",215,11,0.0697674418604651,"N2"
"275",2020-05-23,15,36433.3281843286,19,"R1, N1",215,11,0.0697674418604651,"N1"
"276",2020-05-24,13,18529.721315909,38,"R2, N1",151,5,0.0860927152317881,"N1"
"277",2020-05-24,13,5594.16245275098,38,"R2, N2",151,5,0.0860927152317881,"N2"
"278",2020-05-24,13,32365.1315427541,38,"R1, N1",151,5,0.0860927152317881,"N1"
"279",2020-05-24,13,12475.6926760426,38,"R1, N2",151,5,0.0860927152317881,"N2"
"280",2020-05-25,7,18628.3551471831,41,"R1, N1",122,6,0.0573770491803279,"N1"
"281",2020-05-25,7,29135.1206715166,41,"R2, N2",122,6,0.0573770491803279,"N2"
"282",2020-05-25,7,19915.0936967037,41,"R1, N2",122,6,0.0573770491803279,"N2"
"283",2020-05-25,7,63800.1773178581,41,"R2, N1",122,6,0.0573770491803279,"N1"
"284",2020-05-26,36,61387.0694219742,1,"R1, N1",570,4,0.0631578947368421,"N1"
"285",2020-05-26,36,11857.0339381638,1,"R2, N1",570,4,0.0631578947368421,"N1"
"286",2020-05-26,36,NA,1,"R2, N2",570,4,0.0631578947368421,"N2"
"287",2020-05-26,36,14359.1180731407,1,"R1, N2",570,4,0.0631578947368421,"N2"
"288",2020-05-27,31,41922.9438131328,31,"R1, N1",458,5,0.0676855895196507,"N1"
"289",2020-05-27,31,27654.5591238581,31,"R2, N2",458,5,0.0676855895196507,"N2"
"290",2020-05-27,31,12600.8099182777,31,"R1, N2",458,5,0.0676855895196507,"N2"
"291",2020-05-27,31,14016.2614239925,31,"R2, N1",458,5,0.0676855895196507,"N1"
"292",2020-05-28,27,23926.7755378999,15,"R1, N2",487,7,0.0554414784394251,"N2"
"293",2020-05-28,27,31159.6051949173,15,"R2, N1",487,7,0.0554414784394251,"N1"
"294",2020-05-28,27,37406.0494197993,15,"R1, N1",487,7,0.0554414784394251,"N1"
"295",2020-05-28,27,36150.5114607948,15,"R2, N2",487,7,0.0554414784394251,"N2"
"296",2020-05-29,19,13380.89966909,25,"R2, N1",607,6,0.0313014827018122,"N1"
"297",2020-05-29,19,33111.0362753307,25,"R1, N1",607,6,0.0313014827018122,"N1"
"298",2020-05-29,19,18910.6912686439,25,"R1, N2",607,6,0.0313014827018122,"N2"
"299",2020-05-29,19,31434.9717518108,25,"R2, N2",607,6,0.0313014827018122,"N2"
"300",2020-05-30,13,20327.1352185461,7,"R1, N2",273,5,0.0476190476190476,"N2"
"301",2020-05-30,13,13498.8757126976,7,"R2, N1",273,5,0.0476190476190476,"N1"
"302",2020-05-30,13,20750.9028215686,7,"R1, N1",273,5,0.0476190476190476,"N1"
"303",2020-05-30,13,18974.9064215457,7,"R2, N2",273,5,0.0476190476190476,"N2"
"304",2020-05-31,6,21612.0243933175,58,"R2, N1",154,3,0.038961038961039,"N1"
"305",2020-05-31,6,19900.5751977384,58,"R2, N2",154,3,0.038961038961039,"N2"
"306",2020-05-31,6,35812.1928085438,58,"R1, N1",154,3,0.038961038961039,"N1"
"307",2020-05-31,6,11673.7064461517,58,"R1, N2",154,3,0.038961038961039,"N2"
"308",2020-06-01,19,24267.3036852403,17,"R2, N2",442,5,0.0429864253393665,"N2"
"309",2020-06-01,19,37911.525605005,17,"R1, N1",442,5,0.0429864253393665,"N1"
"310",2020-06-01,19,28493.9766097443,17,"R1, N2",442,5,0.0429864253393665,"N2"
"311",2020-06-01,19,45515.2661695654,17,"R2, N1",442,5,0.0429864253393665,"N1"
"312",2020-06-02,75,NA,NA,NA,1037,NA,0.0723240115718418,"N1"
"313",2020-06-03,13,NA,NA,NA,440,NA,0.0295454545454545,"N1"
"314",2020-06-04,23,NA,NA,NA,496,NA,0.0463709677419355,"N1"
"315",2020-06-05,14,NA,NA,NA,374,NA,0.0374331550802139,"N1"
"316",2020-06-06,3,NA,NA,NA,157,NA,0.0191082802547771,"N1"
"317",2020-06-07,2,NA,NA,NA,143,NA,0.013986013986014,"N1"
"318",2020-06-08,22,NA,NA,NA,533,NA,0.0412757973733583,"N1"
"319",2020-06-09,11,NA,NA,NA,481,NA,0.0228690228690229,"N1"
"320",2020-06-10,10,NA,NA,NA,484,NA,0.0206611570247934,"N1"
"321",2020-06-11,7,NA,NA,NA,372,NA,0.0188172043010753,"N1"
"322",2020-06-12,3,NA,NA,NA,155,NA,0.0193548387096774,"N1"
"323",2020-06-13,NA,NA,NA,NA,45,NA,NA,"N1"
"324",2020-06-14,NA,NA,NA,NA,179,NA,NA,"N1"
"325",2020-06-15,NA,NA,NA,NA,389,NA,NA,"N1"
"326",2020-06-16,NA,NA,NA,NA,470,NA,NA,"N1"
"327",2020-06-17,NA,NA,NA,NA,347,NA,NA,"N1"
"328",2020-06-18,NA,NA,NA,NA,448,NA,NA,"N1"
"329",2020-06-19,NA,NA,NA,NA,142,NA,NA,"N1"
"330",2020-06-20,NA,NA,NA,NA,226,NA,NA,"N1"
"331",2020-06-21,NA,NA,NA,NA,83,NA,NA,"N1"
